episode,returns
0,95.93853194615696
1,318.1058029214353
2,737.7379944663531
3,144.82520295003755
